Name,Phone,Social Media
Gustavo @ MT Barbershop,(302) 983-2621,
WORKMAN GENTLEMAN'S SHOPPE,(267) 259-0716,
Nelson,(856) 465-6967,
LAKYMEEME Lashes¬∑Nails¬∑Spa,(267) 536-0408,https://www.instagram.com/lakymeeme/
Sombra Mt Barberbershop,(302) 781-2690,https://www.instagram.com/s0mbra_barber/
100kcutz,(404) 661-4297,
Beyond Beauty ‚Ä¢ Salon ‚Ä¢ Braiding ‚Ä¢ Barbershop,(215) 904-6115,https://www.facebook.com/search/top; https://www.instagram.com/beyond_beauty_shop/
City Clipperz Barbershop,(267) 519-0559,https://instagram.com/cityclipperz
Hair Kingz Studio,(302) 620-6721,https://www.instagram.com/hair_kingz_studio/
2nd To None Barber Studio,(484) 258-6173,https://www.instagram.com/Iamthebaldbarber/
Craig VIP Cuts,(856) 716-0425,https://www.instagram.com/abundance_cy_vip_cuts/
Empire Cutz Barber Shop,(856) 360-0749,
Shape ups Matter,(856) 361-8502,https://www.instagram.com/sergcuts/
South Street Barbers,(267) 273-1445,https://www.facebook.com/southstreetbarbers; https://www.instagram.com/southstreetbarbers/
Ar-Rijaal Barbershop üíà,(267) 463-6547,https://www.facebook.com/harun.ray; https://www.instagram.com/i_am_harun73/
CONSIDER IT DONE BARBERSHOP too,(215) 789-6595,https://www.facebook.com/mr.consideritdonebarbershop; https://www.instagram.com/consideritdonebarbershop/
Deejay da singa / Barber,(215) 435-9232,https://instagram.com/theartistsbarber
Ahmed‚Äôs Accurate Hands,(267) 338-6801,
MYHANDSTILLSHARP üíà,(267) 230-6512,https://www.instagram.com/myhandstillsharp/
My-T Sharp Barbering Company,(267) 766-3516,https://www.facebook.com/mytsharpbc/; https://www.instagram.com/mytsharpbarbering
The Barber‚Äôs Den,(215) 201-3611,
Kingcutz barbershop,(267) 439-9455,https://www.instagram.com/kingcutz_barbersop
Unique Barbershop,(862) 380-7691,https://www.instagram.com/amaury_barbe07/
Essential Blends Hair Studio,(856) 883-2315,
Shortyfreshcut,(856) 870-7129,https://www.instagram.com/Shortyfreshcut/
Mr Of Rittenhouse,(215) 545-1216,
Massage and spa on wheels,(645) 224-9911,
A Touch Of Lavish Salon,(267) 774-0095,https://www.facebook.com/lavishjcsalon; https://www.instagram.com/atouchoflavish_salon/
TossedByWilShears,(267) 237-5335,https://www.instagram.com/wilshears_
Blizz The Legendary Barber üèÜ                 40 Years Experience                   üî∏High - End Environmentüî∏,(267) 784-5053,
PhawineKutz,(304) 513-9482,
D Nice,(239) 219-8192,
Wallin Fernandez,(856) 412-1229,https://www.facebook.com/share/VRVZaVp4WbDGLimr/; https://www.instagram.com/wallin_stylee/
Ricky barber,(305) 587-5814,
June The Barber,(215) 403-6860,https://www.facebook.com/JunieStakz-104228445064183/; https://www.instagram.com/juniestakz/
JsBarberStudio,(215) 475-0057,https://www.instagram.com/jsbarbershop2005/
Urban-Bella Hairstylist & MUA,(215) 500-7813,https://www.instagram.com/mskimkouture
Everything Extraordinary LLC,(856) 383-0456,https://www.instagram.com/everything.extraordinary/
Jays Elite Luxury Grooming,(267) 355-6369,https://www.instagram.com/james_dabarber1/
HennaByMi,(445) 400-1892,
SEABRON STUDIOS,(609) 783-3473,
Looking Lovely Luxury Hair Services‚ú®,(215) 645-2130,https://www.facebook.com/taisja.gordon.9; https://www.instagram.com/_lookinglovely/
Tube The Barber,(267) 879-1539,
Shiydidit,(215) 509-9558,https://www.instagram.com/shiydidit/
ZEGEN HEALTHY NAILS SALON,(267) 887-0301,
Diceyy Nate,(267) 778-7060,https://www.instagram.com/diceyynate/
Lydia Loves Locs,(302) 507-7527,
The Cave Grooming,(215) 480-5063,
Oneplay,(407) 466-1900,
Jari.0,(267) 584-8538,https://www.instagram.com/jari.0/
Advanced Skin Technology,(267) 250-8587,https://www.facebook.com/share/14uN8P8kHE/
Leier Cutz,(267) 201-6633,https://www.instagram.com/LeierCutz/
SlayyyedByHolly,(267) 616-5766,https://www.instagram.com/slayyyedbyholly1/
Fieri Barber Shop,(267) 679-6762,https://www.instagram.com/fieri_hair_salon/
touchedbysnc,(267) 891-3786,https://www.instagram.com/touchedbysnc/
VisionCutz,(717) 579-5206,https://www.instagram.com/vision.cutz_/
Dovetail Braids & Natural Styles,(267) 257-5538,https://facebook.com/carmenlaren; https://instagram.com/carmenlaren
Lehigh Valley Barber School Philly,(215) 390-7505,
TICCI KATONA,(215) 251-0607,https://www.instagram.com/ticci_katona/
Kariem(aka Freek) X Big City Tattoo,(215) 939-0473,https://www.instagram.com/urugliness/
Yadii,(786) 538-1744,https://www.instagram.com/cutz_by_yadii/
Tossed By Mi,(215) 520-9140,https://www.instagram.com/Tossedbymi/
Barbershop Denim,(267) 930-3980,https://www.facebook.com/barbershopdenim/; https://www.instagram.com/barbershopdenim1517/
Luisiany's Dominican Salon,(215) 878-3284,https://facebook.com/luisianydominicansalon
Ms. Niecy The Barber,(215) 948-2168,
Big Joe,(267) 408-5701,
The Barbershop Lounge,(267) 213-2333,https://www.instagram.com/Kharythebarber/
Eazycutz,(856) 425-4346,
Cruz Quality Cleaning Services LLC,(267) 325-1900,https://www.instagram.com/cruzqualitycleaning/
Lil Da Master Barber Bookings,(267) 588-8890,https://www.instagram.com/Lildabarber/
Acclaim luxury salon,(215) 888-5585,https://www.instagram.com/acclaimluxurysalon/
Swavey the barber,(609) 957-3883,
FadeAwayDR3W,(856) 602-0433,https://www.instagram.com/fadeawaydr3w/
Gaby Barber,(445) 221-7908,https://www.instagram.com/gaby_rh23barber/
Francis Peluqueria (Pacha‚Äôs barbershop),(267) 325-7969,https://instagram.com/pachasbarbershop
Le Sisters Salon,(215) 365-5473,
Finest Cuts Nuhands,(215) 850-8903,https://www.instagram.com/nuhands/
BertOnPoint,(215) 298-8519,https://www.instagram.com/trappin24seven/
Shopboyz/ Jabriel,(215) 578-0608,https://www.facebook.com/share/185j2yNQZ9/; https://www.instagram.com/brillifecutz/; https://www.tiktok.com/@briellifecutz
Knyx Inks,(267) 423-2976,https://www.instagram.com/inkedbyknyx/
4K Tattoos & Piercings,(267) 401-9101,https://www.instagram.com/Fort_Knox_/
Master___g_barber,(646) 400-4376,https://www.instagram.com/MASTER_g____0514/
Papitocutz,(609) 579-6043,https://www.instagram.com/papitocutz/
Franchize Hair Studio,(267) 584-7741,https://www.instagram.com/franchize215
Luwitsi Beauty & Hair Lab,(267) 889-6650,https://www.instagram.com/luwitsibeauty/
The Restorative Experience,(267) 616-5590,https://www.instagram.com/t.r.experience_/
Norris Barber Company,(856) 375-2015,https://www.instagram.com/norrisbarbercompany
The Nice Needle Nurse,(267) 918-2159,https://www.instagram.com/niceneedlenurse
The Line Up Barbershop,(215) 275-8997,
Grecocompany Barber,(856) 426-4081,https://www.instagram.com/grecocompany/
Melzondanailz,(267) 528-5637,https://www.instagram.com/melzondanailz
Mood Cuts ( Exghty ‚Äú80‚Äù ),(267) 582-3553,https://www.instagram.com/Moodcuts.barbershop/
Kuts By Jonesy,(267) 984-7140,
Tree Branch Hair,(484) 470-2343,
Groom Barbershop,(215) 545-2626,https://instagram.com/groomphilly
Edickson the Barber,(267) 597-7422,https://www.facebook.com/edicksonmena/; https://www.instagram.com/edicksonmena/
Hair Crush Hair Studio,(215) 703-7196,https://www.instagram.com/thestudiohaircrush
"Pacha,s Barber Shop (Manuel)",(267) 770-7360,
Med barbershop,(445) 208-1633,
Fanta‚Äôs HairBraiding,(267) 978-1254,
MarjanThaArtist,(267) 588-0015,
Mauricedabarber,(215) 982-1819,
Styledbyslim,(267) 602-5219,
Chocolate City Hair Studio,(215) 727-1805,
Naturally Sharp,(267) 355-3549,
_RatedX856_,(856) 495-8382,https://www.instagram.com/_.ratedx._/
Embracestyless,(267) 333-5178,https://www.instagram.com/embracestyless/
Comfort In Hijamah,(856) 320-9771,
berto.cuts,(267) 881-2931,https://www.instagram.com/berto.cuts/
Hair Archy,(267) 610-6111,https://www.instagram.com/Hairarchysalon/
Meister's Barbershop,(215) 309-3169,https://instagram.com/meistersbarbershop
Loc'd N Purpose,(917) 340-4885,https://www.instagram.com/locdnpurpose/
CONSIDER IT DONE BARBER SHOP,(215) 427-9317,https://www.facebook.com/mr.consideritdonebarbershop; https://www.instagram.com/consideritdonebarbershop/
StylzBySade,(267) 285-7025,https://www.instagram.com/stylzbysade
Ts_braids_an_weaves,(267) 408-7073,
